<?xml version="1.0"?>
<!--<!DOCTYPE metadata SYSTEM "http://www.esri.com/metadata/esriprof80.dtd">-->
<metadata xml:lang="he"><Esri><CreaDate>20180702</CreaDate><CreaTime>11215400</CreaTime><SyncOnce>TRUE</SyncOnce><DataProperties><lineage><Process ToolSource="C:\Program Files\ArcGIS\ArcToolbox\Toolboxes\Data Management Tools.tbx\Append" Date="20180219" Time="090330">Append C:\MAVAT_APPL\MoinServer\temp\MyPersonalGeodatabase.gdb\MVT_SYMBOL_2261195 C:\MAVAT_APPL\MoinServer\temp\MVTMOIN_sde.sde\SDE.MVT_SYMBOL NO_TEST # C:\MAVAT_APPL\MoinServer\temp\MVTMOIN_sde.sde\SDE.MVT_SYMBOL</Process><Process ToolSource="C:\Program Files\ArcGIS\ArcToolbox\Toolboxes\Data Management Tools.tbx\Append" Date="20180219" Time="152046">Append C:\MAVAT_APPL\MoinServer\temp\MyPersonalGeodatabase.gdb\MVT_SYMBOL_2296271 C:\MAVAT_APPL\MoinServer\temp\MVTMOIN_sde.sde\SDE.MVT_SYMBOL NO_TEST # C:\MAVAT_APPL\MoinServer\temp\MVTMOIN_sde.sde\SDE.MVT_SYMBOL</Process></lineage></DataProperties><MetaID>{1FAC7309-D4B3-41CC-A4C1-394BA1DBE5DC}</MetaID></Esri><idinfo><citation><citeinfo><onlink Sync="TRUE"></onlink></citeinfo></citation></idinfo><distInfo><distributor><distorTran><onLineSrc><linkage Sync="TRUE">file://</linkage><protocol Sync="TRUE">Local Area Network</protocol></onLineSrc></distorTran></distributor></distInfo><dataqual><lineage><procstep><procdesc Sync="TRUE">Dataset copied.</procdesc><srcused Sync="TRUE">Server=blade-gis; Service=sde:oracle10g:/;local=mvtmoin; User=sde; Version=SDE.DEFAULT</srcused><date Sync="TRUE">20180702</date><time Sync="TRUE">11215400</time></procstep></lineage></dataqual></metadata>
