<?xml version="1.0"?>
<!--<!DOCTYPE metadata SYSTEM "http://www.esri.com/metadata/esriprof80.dtd">-->
<metadata xml:lang="en"><Esri><CreaDate>20180702</CreaDate><CreaTime>11215900</CreaTime><SyncOnce>TRUE</SyncOnce><DataProperties><lineage><Process ToolSource="C:\Program Files\ArcGIS\ArcToolbox\Toolboxes\Data Management Tools.tbx\Append" Date="20180219" Time="085616">Append C:\MAVAT_APPL\MoinServer\temp\MyPersonalGeodatabase.gdb\MVT_ARC_2387926 C:\MAVAT_APPL\MoinServer\temp\MVTMOIN_sde.sde\SDE.MVT_ARC NO_TEST # C:\MAVAT_APPL\MoinServer\temp\MVTMOIN_sde.sde\SDE.MVT_ARC</Process><Process ToolSource="C:\Program Files\ArcGIS\ArcToolbox\Toolboxes\Data Management Tools.tbx\Append" Date="20180219" Time="090720">Append C:\MAVAT_APPL\MoinServer\temp\MyPersonalGeodatabase.gdb\MVT_ARC_2261193 C:\MAVAT_APPL\MoinServer\temp\MVTMOIN_sde.sde\SDE.MVT_ARC NO_TEST # C:\MAVAT_APPL\MoinServer\temp\MVTMOIN_sde.sde\SDE.MVT_ARC</Process><Process ToolSource="C:\Program Files\ArcGIS\ArcToolbox\Toolboxes\Data Management Tools.tbx\Append" Date="20180219" Time="152413">Append C:\MAVAT_APPL\MoinServer\temp\MyPersonalGeodatabase.gdb\MVT_ARC_2296272 C:\MAVAT_APPL\MoinServer\temp\MVTMOIN_sde.sde\SDE.MVT_ARC NO_TEST # C:\MAVAT_APPL\MoinServer\temp\MVTMOIN_sde.sde\SDE.MVT_ARC</Process></lineage></DataProperties><MetaID>{6BD2232C-211D-4149-A69F-12C8C10F1D93}</MetaID></Esri><idinfo><citation><citeinfo><onlink Sync="TRUE"></onlink></citeinfo></citation></idinfo><distInfo><distributor><distorTran><onLineSrc><linkage Sync="TRUE">file://</linkage><protocol Sync="TRUE">Local Area Network</protocol></onLineSrc></distorTran></distributor></distInfo><dataqual><lineage><procstep><procdesc Sync="TRUE">Dataset copied.</procdesc><srcused Sync="TRUE">Server=blade-gis; Service=sde:oracle10g:/;local=mvtmoin; User=sde; Version=SDE.DEFAULT</srcused><date Sync="TRUE">20180702</date><time Sync="TRUE">11215900</time></procstep></lineage></dataqual></metadata>
