<?xml version="1.0"?>
<!--<!DOCTYPE metadata SYSTEM "http://www.esri.com/metadata/esriprof80.dtd">-->
<metadata xml:lang="en"><Esri><CreaDate>20180702</CreaDate><CreaTime>11214400</CreaTime><SyncOnce>TRUE</SyncOnce><DataProperties><lineage><Process ToolSource="C:\Program Files\ArcGIS\ArcToolbox\Toolboxes\Data Management Tools.tbx\Append" Date="20180219" Time="085142">Append C:\MAVAT_APPL\MoinServer\temp\MyPersonalGeodatabase.gdb\MVT_LABEL_2387924 C:\MAVAT_APPL\MoinServer\temp\MVTMOIN_sde.sde\SDE.MVT_LABEL NO_TEST # C:\MAVAT_APPL\MoinServer\temp\MVTMOIN_sde.sde\SDE.MVT_LABEL</Process><Process ToolSource="C:\Program Files\ArcGIS\ArcToolbox\Toolboxes\Data Management Tools.tbx\Append" Date="20180219" Time="151816">Append C:\MAVAT_APPL\MoinServer\temp\MyPersonalGeodatabase.gdb\MVT_LABEL_2296269 C:\MAVAT_APPL\MoinServer\temp\MVTMOIN_sde.sde\SDE.MVT_LABEL NO_TEST # C:\MAVAT_APPL\MoinServer\temp\MVTMOIN_sde.sde\SDE.MVT_LABEL</Process></lineage></DataProperties><MetaID>{BB16E861-065E-4779-8C76-7D56CCEC3E5F}</MetaID></Esri><idinfo><citation><citeinfo><onlink Sync="TRUE"></onlink></citeinfo></citation></idinfo><distInfo><distributor><distorTran><onLineSrc><linkage Sync="TRUE">file://</linkage><protocol Sync="TRUE">Local Area Network</protocol></onLineSrc></distorTran></distributor></distInfo><dataqual><lineage><procstep><procdesc Sync="TRUE">Dataset copied.</procdesc><srcused Sync="TRUE">Server=blade-gis; Service=sde:oracle10g:/;local=mvtmoin; User=sde; Version=SDE.DEFAULT</srcused><date Sync="TRUE">20180702</date><time Sync="TRUE">11214400</time></procstep></lineage></dataqual></metadata>
