<?xml version="1.0"?>
<!--<!DOCTYPE metadata SYSTEM "http://www.esri.com/metadata/esriprof80.dtd">-->
<metadata xml:lang="en"><Esri><CreaDate>20180702</CreaDate><CreaTime>11220800</CreaTime><SyncOnce>TRUE</SyncOnce><DataProperties><lineage><Process ToolSource="C:\Program Files\ArcGIS\ArcToolbox\Toolboxes\Data Management Tools.tbx\Append" Date="20180219" Time="123235">Append C:\MAVAT_APPL\MoinServer\temp\MyPersonalGeodatabase.gdb\MVT_PLAN_2387953 C:\MAVAT_APPL\MoinServer\temp\MVTMOIN_sde.sde\SDE.MVT_PLAN NO_TEST # C:\MAVAT_APPL\MoinServer\temp\MVTMOIN_sde.sde\SDE.MVT_PLAN</Process><Process ToolSource="C:\Program Files\ArcGIS\ArcToolbox\Toolboxes\Data Management Tools.tbx\Append" Date="20180219" Time="204709">Append C:\MAVAT_APPL\MoinServer\temp\MyPersonalGeodatabase.gdb\MVT_PLAN_2296470 C:\MAVAT_APPL\MoinServer\temp\MVTMOIN_sde.sde\SDE.MVT_PLAN NO_TEST # C:\MAVAT_APPL\MoinServer\temp\MVTMOIN_sde.sde\SDE.MVT_PLAN</Process></lineage></DataProperties><MetaID>{156859D6-45C7-4DA2-B08B-9129E8BF4D7B}</MetaID></Esri><idinfo><citation><citeinfo><onlink Sync="TRUE"></onlink></citeinfo></citation></idinfo><distInfo><distributor><distorTran><onLineSrc><linkage Sync="TRUE">file://</linkage><protocol Sync="TRUE">Local Area Network</protocol></onLineSrc></distorTran></distributor></distInfo><dataqual><lineage><procstep><procdesc Sync="TRUE">Dataset copied.</procdesc><srcused Sync="TRUE">Server=blade-gis; Service=sde:oracle10g:/;local=mvtmoin; User=sde; Version=SDE.DEFAULT</srcused><date Sync="TRUE">20180702</date><time Sync="TRUE">11220800</time></procstep></lineage></dataqual></metadata>
